Recording	Participant	Group	HighestDegree	Impairment	JavaSkill	MainProgrammingLanguage	UsedDarcula	UsedHighlightingType	YearsOfProfessional	YearsOfProgramming	Timeline	TOI	Interval	Media	ColorScheme	Exercise	Duration_of_interval	Start_of_interval	Number_of_Events.URLEnd	Number_of_Events.URLEnd	Number_of_Events.URLEnd	Number_of_Events.URLEnd	Number_of_Events.URLEnd	Number_of_Events.URLEnd	Number_of_Events.URLEnd	Number_of_Events.URLEnd	Number_of_Events.URLEnd	Number_of_Events.URLEnd	Number_of_Events.URLEnd	Number_of_Events.URLEnd	Number_of_Events.URLEnd	Number_of_Events.URLEnd	Number_of_Events.URLEnd	Number_of_Events.URLEnd	Number_of_Events.URLStart	Number_of_Events.URLStart	Number_of_Events.URLStart	Number_of_Events.URLStart	Number_of_Events.URLStart	Number_of_Events.URLStart	Number_of_Events.URLStart	Number_of_Events.URLStart	Number_of_Events.URLStart	Number_of_Events.URLStart	Number_of_Events.URLStart	Number_of_Events.URLStart	Number_of_Events.URLStart	Number_of_Events.URLStart	Number_of_Events.URLStart	Number_of_Events.URLStart	Time_to_first_Event.URLEnd	Time_to_first_Event.URLEnd	Time_to_first_Event.URLEnd	Time_to_first_Event.URLEnd	Time_to_first_Event.URLEnd	Time_to_first_Event.URLEnd	Time_to_first_Event.URLEnd	Time_to_first_Event.URLEnd	Time_to_first_Event.URLEnd	Time_to_first_Event.URLEnd	Time_to_first_Event.URLEnd	Time_to_first_Event.URLEnd	Time_to_first_Event.URLEnd	Time_to_first_Event.URLEnd	Time_to_first_Event.URLEnd	Time_to_first_Event.URLEnd	Time_to_first_Event.URLStart	Time_to_first_Event.URLStart	Time_to_first_Event.URLStart	Time_to_first_Event.URLStart	Time_to_first_Event.URLStart	Time_to_first_Event.URLStart	Time_to_first_Event.URLStart	Time_to_first_Event.URLStart	Time_to_first_Event.URLStart	Time_to_first_Event.URLStart	Time_to_first_Event.URLStart	Time_to_first_Event.URLStart	Time_to_first_Event.URLStart	Time_to_first_Event.URLStart	Time_to_first_Event.URLStart	Time_to_first_Event.URLStart	Last_key_press	Last_AOI_viewed	AOI_at_interval_end	Total_duration_of_whole_fixations	Average_duration_of_whole_fixations	Number_of_whole_fixations	Duration_of_first_whole_fixation	Average_whole-fixation_pupil_diameter	Number_of_saccades	Average_peak_velocity_of_saccades	Minimum_peak_velocity_of_saccades	Maximum_peak_velocity_of_saccades	Standard_deviation_of_peak_velocity_of_saccades	Average_amplitude_of_saccades	Minimum_amplitude_of_saccades	Maximum_amplitude_of_saccades	Total_amplitude_of_saccades	Time_to_first_saccade	Direction_of_first_saccade	Peak_velocity_of_first_saccade	Average_velocity_of_first_saccade	Amplitude_of_first_saccade
RecP01_A1	P01	A			0						GroupA_Part1	Coding	1	a1 RecP01_A1	1	a	262733	176979	0	0	0	0	0	0	0	0	0	0	0	0	0	0	0	0	0	0	0	0	0	0	1	0	0	0	0	0	0	0	0	0																							22268													226592	257	880	100	3,78258	655	129,77	30,41	1612,3	109,93	2,75	0,39	30,92	1803,09	359	149,93	164,51	115,54	3,91
RecP01_A1	P01	A			0						GroupA_Part1	Coding	2	c2 RecP01_A1	2	c	942745	467323	0	0	0	0	0	0	0	0	0	0	0	0	0	0	0	0	0	1	0	0	0	0	0	0	0	0	0	0	0	0	0	0																		306																		812440	267	3039	323	3,72716	2106	120,52	30,08	517,98	79,92	2,28	0,21	18,02	4801,42	180	91,45	314,34	192,59	7,1
RecP01_A1	P01	A			0						GroupA_Part1	Image a1.png (https://hps.hs-regensburg.de/mom44519/image.php?n=a1)	1	Image a1.png	1	a	242569	199247	0	0	0	0	0	0	0	0	0	0	0	0	0	0	0	0	0	0	0	0	0	0	1	0	0	0	0	0	0	0	0	0																							0										F10			212998	256	832	190	3,85764	617	125,83	30,41	1612,3	105,56	2,48	0,39	22,14	1530,99	325	302,92	477,04	279,82	13,19
RecP01_A1	P01	A			0						GroupA_Part1	Image c2.png (https://hps.hs-regensburg.de/mom44519/image.php?n=c2)	1	Image c2.png	2	c	946636	467629	0	0	0	0	0	0	0	0	0	0	0	0	0	0	0	0	0	1	0	0	0	0	0	0	0	0	0	0	0	0	0	0																		0															F10			814796	267	3051	170	3,72724	2113	120,8	30,08	517,98	80,3	2,29	0,21	18,02	4836,58	234	175,19	227,27	157,98	4,11
RecP01_A2	P01	A			0						GroupA_Part2	Coding	1	d3 RecP01_A2	3	d	209032	117637	0	0	0	0	0	0	0	0	0	0	0	0	0	0	0	0	0	0	0	0	0	0	0	0	0	1	0	0	0	0	0	0																										321										177978	263	677	140	3,67195	500	127,93	30,58	484,29	92,27	2,73	0,34	18,52	1366,14	522	118,59	204,96	135,23	4,89
RecP01_A2	P01	A			0						GroupA_Part2	Coding	2	p4 RecP01_A2	4	p	806237	354728	0	0	0	0	0	0	0	0	0	0	0	0	0	0	0	0	0	0	1	0	0	0	0	0	0	0	0	0	0	0	0	0																			305																	708736	292	2424	283	3,54274	1803	101,91	30,27	413,77	60,14	1,82	0,25	27,55	3284,2	688	78,57	83,77	70,64	1,36
RecP01_A2	P01	A			0						GroupA_Part2	Image d3.png (https://hps.hs-regensburg.de/mom44519/image.php?n=d3)	1	Image d3.png	3	d	211657	117959	0	0	0	0	0	0	0	0	0	0	0	0	0	0	0	0	0	0	0	0	0	0	0	0	0	1	0	0	0	0	0	0																										0							F10			179791	262	686	140	3,67425	509	127,99	30,58	484,29	91,78	2,73	0,34	18,52	1389,38	201	118,59	204,96	135,23	4,89
RecP01_A2	P01	A			0						GroupA_Part2	Image p4.png (https://hps.hs-regensburg.de/mom44519/image.php?n=p4)	1	Image p4.png	4	p	806834	355034	0	0	0	0	0	0	0	0	0	0	0	0	0	0	0	0	0	0	1	0	0	0	0	0	0	0	0	0	0	0	0	0																			0														F10			709459	292	2426	283	3,54294	1806	101,87	30,27	413,77	60,1	1,82	0,25	27,55	3288,31	383	78,57	83,77	70,64	1,36
RecP02_B1	P02	B			2						GroupB_Part1	Coding	1	c1 RecP02_B1	1	c	365271	136732	0	0	0	0	0	0	0	0	0	0	0	0	0	0	0	0	0	0	0	1	0	0	0	0	0	0	0	0	0	0	0	0																				329																281875	235	1202	223	4,32241	1014	157,48	30,14	644,79	106,56	3,38	0,4	37,03	3422,9	2062	99,24	256,69	126,74	3,53
RecP02_B1	P02	B			2						GroupB_Part1	Coding	2	a2 RecP02_B1	2	a	188373	529605	0	0	0	0	0	0	0	0	0	0	0	0	0	0	0	0	0	0	0	0	0	0	0	0	0	0	1	0	0	0	0	0																											305									142494	243	587	160	4,25098	486	152,04	31,81	612,07	114,6	3,28	0,48	23,54	1593,94	1222	208,1	214,24	138,99	4,32
RecP02_B1	P02	B			2						GroupB_Part1	Image a2.png (https://hps.hs-regensburg.de/mom44519/image.php?n=a2)	1	Image a2.png	2	a	191360	529909	0	0	0	0	0	0	0	0	0	0	0	0	0	0	0	0	0	0	0	0	0	0	0	0	0	0	1	0	0	0	0	0																											0						F10			143788	242	595	160	4,25364	491	153,17	31,81	612,07	115,92	3,31	0,48	23,54	1625,5	917	208,1	214,24	138,99	4,32
RecP02_B1	P02	B			2						GroupB_Part1	Image c1.png (https://hps.hs-regensburg.de/mom44519/image.php?n=c1)	1	Image c1.png	1	c	368712	137061	0	0	0	0	0	0	0	0	0	0	0	0	0	0	0	0	0	0	0	1	0	0	0	0	0	0	0	0	0	0	0	0																				0													F10			283269	234	1209	223	4,32323	1020	158,11	30,14	644,79	107,18	3,4	0,4	37,03	3463,86	1733	99,24	256,69	126,74	3,53
RecP02_B2	P02	B			2						GroupB_Part2	Coding	1	p3 RecP02_B2	3	p	900658	88370	0	0	0	0	0	0	0	0	0	0	0	0	0	0	0	0	0	0	0	0	0	0	0	0	1	0	0	0	0	0	0	0																									269								Return			680262	263	2585	70	4,25138	2043	142,82	30,1	687,71	100,83	3,03	0,06	34,94	6186,93	289	1,15	446,59	284,34	13,07
RecP02_B2	P02	B			2						GroupB_Part2	Coding	2	d4 RecP02_B2	4	d	321548	1158223	0	0	0	0	0	0	0	0	0	0	0	0	0	0	0	0	0	0	0	0	1	0	0	0	0	0	0	0	0	0	0	0																					317												Return			194669	264	737	150	4,22028	563	142,05	30,17	557,08	104,78	3,14	0,19	29,04	1767,85	1000	196,92	45	40,34	1,97
RecP02_B2	P02	B			2						GroupB_Part2	Image d4.png (https://hps.hs-regensburg.de/mom44519/image.php?n=d4)	1	Image d4.png	4	d	324832	1158540	0	0	0	0	0	0	0	0	0	0	0	0	0	0	0	0	0	0	0	0	1	0	0	0	0	0	0	0	0	0	0	0																					0												F10			194669	264	737	150	4,22028	563	142,05	30,17	557,08	104,78	3,14	0,19	29,04	1767,85	683	196,92	45	40,34	1,97
RecP02_B2	P02	B			2						GroupB_Part2	Image p3.png (https://hps.hs-regensburg.de/mom44519/image.php?n=p3)	1	Image p3.png	3	p	901602	88639	0	0	0	0	0	0	0	0	0	0	0	0	0	0	0	0	0	0	0	0	0	0	0	0	1	0	0	0	0	0	0	0																									0								F10			680262	263	2585	70	4,25138	2043	142,82	30,1	687,71	100,83	3,03	0,06	34,94	6186,93	19	1,15	446,59	284,34	13,07
RecP03_A1	P03	A			1						GroupA_Part1	Coding	1	a1 RecP03_A1	1	a	325475	223664	0	0	0	0	0	0	0	0	0	0	0	0	0	0	0	0	0	0	0	0	0	0	1	0	0	0	0	0	0	0	0	0																							22085													268429	247	1085	320	3,99528	948	103,85	30	589,24	80,88	2,34	0,17	26,47	2220,55	3	0,2	252,43	162,3	6,34
RecP03_A1	P03	A			1						GroupA_Part1	Coding	2	c2 RecP03_A1	2	c	1035322	572667	0	0	0	0	0	0	0	0	0	0	0	0	0	0	0	0	0	1	0	0	0	0	0	0	0	0	0	0	0	0	0	0																		318																		864317	256	3376	117	4,01288	2929	105,96	30	559,82	74,92	2,32	0,23	29,4	6783,14	252	114,26	287,9	186,14	10,19
RecP03_A1	P03	A			1						GroupA_Part1	Image a1.png (https://hps.hs-regensburg.de/mom44519/image.php?n=a1)	1	Image a1.png	1	a	306547	245750	0	0	0	0	0	0	0	0	0	0	0	0	0	0	0	0	0	0	0	0	0	0	1	0	0	0	0	0	0	0	0	0																							0										F10			253145	241	1049	167	4,08	916	103,53	30	538,07	78,91	2,29	0,17	19,81	2093,71	2054	332,48	82,97	67,96	2,18
RecP03_A1	P03	A			1						GroupA_Part1	Image c2.png (https://hps.hs-regensburg.de/mom44519/image.php?n=c2)	1	Image c2.png	2	c	1038746	572985	0	0	0	0	0	0	0	0	0	0	0	0	0	0	0	0	0	1	0	0	0	0	0	0	0	0	0	0	0	0	0	0																		0															F10			864437	256	3377	150	4,01295	2928	105,9	30	559,82	74,85	2,31	0,23	29,4	6772,95	107	130,95	170,52	112,98	3,79
RecP03_A2	P03	A			1						GroupA_Part2	Coding	1	d3 RecP03_A2	3	d	237602	248701	0	0	0	0	0	0	0	0	0	0	0	0	0	0	0	0	0	0	0	0	0	0	0	0	0	1	0	0	0	0	0	0																										281										204368	292	701	153	4,06732	630	112,25	30,06	471,86	85,08	2,72	0,41	20,19	1710,48	460	109,5	246,17	175,61	9,52
RecP03_A2	P03	A			1						GroupA_Part2	Coding	2	p4 RecP03_A2	4	p	607895	499462	0	0	0	0	0	0	0	0	0	0	0	0	0	0	0	0	0	0	1	0	0	0	0	0	0	0	0	0	0	0	0	0																			249																	489777	257	1907	187	4,09188	1546	93,16	30,17	514,5	57,09	1,8	0,38	26,74	2782,45	47	56,26	422,73	251,77	10,88
RecP03_A2	P03	A			1						GroupA_Part2	Image d3.png (https://hps.hs-regensburg.de/mom44519/image.php?n=d3)	1	Image d3.png	3	d	240661	248982	0	0	0	0	0	0	0	0	0	0	0	0	0	0	0	0	0	0	0	0	0	0	0	0	0	1	0	0	0	0	0	0																										0							F10			206525	290	713	153	4,06874	640	112,19	30,06	471,86	84,64	2,71	0,41	20,19	1733,08	179	109,5	246,17	175,61	9,52
RecP03_A2	P03	A			1						GroupA_Part2	Image p4.png (https://hps.hs-regensburg.de/mom44519/image.php?n=p4)	1	Image p4.png	4	p	609263	499711	0	0	0	0	0	0	0	0	0	0	0	0	0	0	0	0	0	0	1	0	0	0	0	0	0	0	0	0	0	0	0	0																			0														F10			489591	257	1906	183	4,09187	1545	92,94	30,17	514,5	56,49	1,79	0,38	26,74	2771,57	348	323,82	97,79	76,58	1,83
RecP04_B1	P04	B			2						GroupB_Part1	Coding	1	c1 RecP04_B1	1	c	1241343	288241	0	0	0	0	0	0	0	0	0	0	0	0	0	0	0	0	0	0	0	1	0	0	0	0	0	0	0	0	0	0	0	0																				23028																1022265	294	3476	143	4,91778	2963	124,01	30,2	487,89	67,99	2,83	0,15	36,91	8374,94	141	87,6	178,06	114,85	4,42
RecP04_B1	P04	B			2						GroupB_Part1	Coding	2	a2 RecP04_B1	2	a	305374	1583393	0	0	0	0	0	0	0	0	0	0	0	0	0	0	0	0	0	0	0	0	0	0	0	0	0	0	1	0	0	0	0	0																											303									257625	312	826	287	4,92599	729	131,74	31,76	445,8	84,58	3,2	0,52	16,57	2333,55	198	88,68	124,57	87,27	2,96
RecP04_B1	P04	B			2						GroupB_Part1	Image a2.png (https://hps.hs-regensburg.de/mom44519/image.php?n=a2)	1	Image a2.png	2	a	308121	1583697	0	0	0	0	0	0	0	0	0	0	0	0	0	0	0	0	0	0	0	0	0	0	0	0	0	0	1	0	0	0	0	0																											0						F10			259972	312	834	157	4,92734	736	132,87	31,76	461,13	86,1	3,26	0,52	22,11	2398,29	215	100,17	195,22	123,37	5,26
RecP04_B1	P04	B			2						GroupB_Part1	Image c1.png (https://hps.hs-regensburg.de/mom44519/image.php?n=c1)	1	Image c1.png	1	c	1222815	311269	0	0	0	0	0	0	0	0	0	0	0	0	0	0	0	0	0	0	0	1	0	0	0	0	0	0	0	0	0	0	0	0																				0													F10			1008768	294	3433	167	4,94881	2923	122,49	30,2	475,61	65,57	2,7	0,15	20,65	7888,23	280	179,09	389,61	243,68	16,14
RecP04_B2	P04	B			2						GroupB_Part2	Coding	1	p3 RecP04_B2	3	p	836391	266365	0	0	0	0	0	0	0	0	0	0	0	0	0	0	0	0	0	0	0	0	0	0	0	0	1	0	0	0	0	0	0	0																									333											712453	344	2070	267	5,0624	1657	120,02	30,32	424,07	62,95	2,59	0,51	17,08	4286,32	277	119,94	192,22	110,65	6,08
RecP04_B2	P04	B			2						GroupB_Part2	Coding	2	d4 RecP04_B2	4	d	301344	1361092	0	0	0	0	0	0	0	0	0	0	0	0	0	0	0	0	0	0	0	0	1	0	0	0	0	0	0	0	0	0	0	0																					295															253565	301	843	177	4,89315	749	144,57	30,28	450,86	81,72	3,57	0,5	23,35	2675,75	526	143,1	194,83	124,32	6,22
RecP04_B2	P04	B			2						GroupB_Part2	Image d4.png (https://hps.hs-regensburg.de/mom44519/image.php?n=d4)	1	Image d4.png	4	d	304397	1361386	0	0	0	0	0	0	0	0	0	0	0	0	0	0	0	0	0	0	0	0	1	0	0	0	0	0	0	0	0	0	0	0																					0												F10			256335	300	855	177	4,89345	761	145,51	30,28	450,86	82,66	3,6	0,5	23,35	2742,37	232	143,1	194,83	124,32	6,22
RecP04_B2	P04	B			2						GroupB_Part2	Image p3.png (https://hps.hs-regensburg.de/mom44519/image.php?n=p3)	1	Image p3.png	3	p	837256	266698	0	0	0	0	0	0	0	0	0	0	0	0	0	0	0	0	0	0	0	0	0	0	0	0	1	0	0	0	0	0	0	0																									0								F10			713543	344	2075	267	5,06311	1659	120,2	30,32	424,07	63,17	2,59	0,51	17,08	4300,75	270	328,68	256,69	154,58	4,69
RecP05_A1	P05	A			2						GroupA_Part1	Coding	1	a1 RecP05_A1	1	a	299074	321094	0	0	0	0	0	0	0	0	0	0	0	0	0	0	0	0	0	0	0	0	0	0	1	0	0	0	0	0	0	0	0	0																							331													235519	219	1074	190	3,46226	905	115,95	30,54	506,84	77,09	2,52	0,42	26,26	2282,54	761	150,02	305,68	189,1	8,62
RecP05_A1	P05	A			2						GroupA_Part1	Coding	2	c2 RecP05_A1	2	c	476299	696639	0	0	0	0	0	0	0	0	0	0	0	0	0	0	0	0	0	1	0	0	0	0	0	0	0	0	0	0	0	0	0	0																		307																		390973	245	1593	183	3,44341	1309	108,79	30,69	500,9	69,43	2,35	0,25	22,97	3070,76	580	158,76	248,02	148,36	6,04
RecP05_A1	P05	A			2						GroupA_Part1	Image a1.png (https://hps.hs-regensburg.de/mom44519/image.php?n=a1)	1	Image a1.png	1	a	302043	321426	0	0	0	0	0	0	0	0	0	0	0	0	0	0	0	0	0	0	0	0	0	0	1	0	0	0	0	0	0	0	0	0																							0										F10			238129	219	1085	190	3,46607	913	116,12	30,54	506,84	76,9	2,53	0,42	26,26	2306,57	430	150,02	305,68	189,1	8,62
RecP05_A1	P05	A			2						GroupA_Part1	Image c2.png (https://hps.hs-regensburg.de/mom44519/image.php?n=c2)	1	Image c2.png	2	c	479658	696946	0	0	0	0	0	0	0	0	0	0	0	0	0	0	0	0	0	1	0	0	0	0	0	0	0	0	0	0	0	0	0	0																		0															F10			393517	245	1604	183	3,44706	1315	108,76	30,69	500,9	69,37	2,34	0,25	22,97	3082,41	273	158,76	248,02	148,36	6,04
RecP05_A2	P05	A			2						GroupA_Part2	Coding	1	d3 RecP05_A2	3	d	231401	156369	0	0	0	0	0	0	0	0	0	0	0	0	0	0	0	0	0	0	0	0	0	0	0	0	0	1	0	0	0	0	0	0																										264										181702	229	792	280	3,48956	644	126,32	30,55	465,98	85,46	2,84	0,51	15,78	1830,13	381	133,85	305,14	201,79	10,95
RecP05_A2	P05	A			2						GroupA_Part2	Coding	2	p4 RecP05_A2	4	p	855837	408238	0	0	0	0	0	0	0	0	0	0	0	0	0	0	0	0	0	0	1	0	0	0	0	0	0	0	0	0	0	0	0	0																			309																	629172	232	2710	183	3,51592	1995	99,12	30,01	527,33	59,97	1,96	0,35	18,55	3918,69	185	53,7	320,5	198,02	9,4
RecP05_A2	P05	A			2						GroupA_Part2	Image d3.png (https://hps.hs-regensburg.de/mom44519/image.php?n=d3)	1	Image d3.png	3	d	234348	156633	0	0	0	0	0	0	0	0	0	0	0	0	0	0	0	0	0	0	0	0	0	0	0	0	0	1	0	0	0	0	0	0																										0							F10			183922	230	801	137	3,49634	650	127,2	30,55	507,61	87,05	2,88	0,51	20,87	1871,6	117	133,85	305,14	201,79	10,95
RecP05_A2	P05	A			2						GroupA_Part2	Image p4.png (https://hps.hs-regensburg.de/mom44519/image.php?n=p4)	1	Image p4.png	4	p	856808	408547	0	0	0	0	0	0	0	0	0	0	0	0	0	0	0	0	0	0	1	0	0	0	0	0	0	0	0	0	0	0	0	0																			0														F10			629169	232	2710	230	3,51649	1995	98,98	30,01	527,33	59,78	1,96	0,35	18,55	3910,05	256	128,88	224,21	140,79	6,11
RecP06_B1	P06	B			2						GroupB_Part1	Coding	1	c1 RecP06_B1	1	c	741000	206114	0	0	0	0	0	0	0	0	0	0	0	0	0	0	0	0	0	0	0	1	0	0	0	0	0	0	0	0	0	0	0	0																				270																602355	272	2211	110	4,27091	1603	130,47	30,02	511,53	84,56	2,57	0,41	19,05	4113,51	153	123,2	430,57	226,01	11
RecP06_B1	P06	B			2						GroupB_Part1	Coding	2	a2 RecP06_B1	2	a	701968	1000290	0	0	0	0	0	0	0	0	0	0	0	0	0	0	0	0	0	0	0	0	0	0	0	0	0	0	1	0	0	0	0	0																											347									512228	273	1873	190	4,22389	1303	123,98	30,35	543,83	89,77	2,46	0,13	21,13	3200,33	192	89,59	240,29	145,33	5,28
RecP06_B1	P06	B			2						GroupB_Part1	Image a2.png (https://hps.hs-regensburg.de/mom44519/image.php?n=a2)	1	Image a2.png	2	a	702628	1000637	0	0	0	0	0	0	0	0	0	0	0	0	0	0	0	0	0	0	0	0	0	0	0	0	0	0	1	0	0	0	0	0																											0						F10			512315	274	1873	123	4,2242	1303	124,11	30,35	543,83	90,04	2,46	0,13	21,13	3204,58	46	154,98	327,51	195,95	9,23
RecP06_B1	P06	B			2						GroupB_Part1	Image c1.png (https://hps.hs-regensburg.de/mom44519/image.php?n=c1)	1	Image c1.png	1	c	744499	206384	0	0	0	0	0	0	0	0	0	0	0	0	0	0	0	0	0	0	0	1	0	0	0	0	0	0	0	0	0	0	0	0																				0													F10			605089	272	2221	167	4,27247	1608	130,21	30,02	511,53	84,19	2,56	0,41	19,05	4113,97	39	140,94	303,12	162,83	7,07
RecP06_B2	P06	B			2						GroupB_Part2	Coding	1	p3 RecP06_B2	3	p	695206	63837	0	0	0	0	0	0	0	0	0	0	0	0	0	0	0	0	0	0	0	0	0	0	0	0	1	0	0	0	0	0	0	0																									230											546325	259	2109	113	4,23776	1428	123,91	30,07	565,84	84,14	2,38	0,06	21,74	3398,05	182	110,89	266,91	116,77	7,98
RecP06_B2	P06	B			2						GroupB_Part2	Coding	2	d4 RecP06_B2	4	d	543414	823447	0	0	0	0	0	0	0	0	0	0	0	0	0	0	0	0	0	0	0	0	1	0	0	0	0	0	0	0	0	0	0	0																					310															409077	272	1505	197	4,29654	965	133	30,76	582,41	95,35	2,73	0,24	18,26	2637,94	130	116,11	366,37	209,35	8,77
RecP06_B2	P06	B			2						GroupB_Part2	Image d4.png (https://hps.hs-regensburg.de/mom44519/image.php?n=d4)	1	Image d4.png	4	d	546423	823757	0	0	0	0	0	0	0	0	0	0	0	0	0	0	0	0	0	0	0	0	1	0	0	0	0	0	0	0	0	0	0	0																					0												F10			411420	272	1510	130	4,29641	969	132,92	30,51	582,41	95,69	2,74	0,24	22,23	2658,42	57	128,1	293,63	198,89	10,24
RecP06_B2	P06	B			2						GroupB_Part2	Image p3.png (https://hps.hs-regensburg.de/mom44519/image.php?n=p3)	1	Image p3.png	3	p	696130	64067	0	0	0	0	0	0	0	0	0	0	0	0	0	0	0	0	0	0	0	0	0	0	0	0	1	0	0	0	0	0	0	0																									0								F10			548985	260	2111	113	4,23831	1427	123,81	30,07	565,84	84,09	2,38	0,06	21,74	3390,07	468	41,07	95,72	70,2	2,24
RecP07_A1	P07	A			2						GroupA_Part1	Coding	1	a1 RecP07_A1	1	a	347231	106362	0	0	0	0	0	0	0	0	0	0	0	0	0	0	0	0	0	0	0	0	0	0	1	0	0	0	0	0	0	0	0	0																							323													295899	363	815	247	4,987	727	124,72	30,25	611,54	87,72	2,82	0,19	19,63	2051,28	839	103,97	134,77	90,98	3,64
RecP07_A1	P07	A			2						GroupA_Part1	Coding	2	c2 RecP07_A1	2	c	1055474	498052	0	0	0	0	0	0	0	0	0	0	0	0	0	0	0	0	0	1	0	0	0	0	0	0	0	0	0	0	0	0	0	0																		309																		935165	378	2473	113	4,95835	2225	129,36	30,04	706,04	87,42	3	0,38	32,47	6669,54	321	278,16	433,34	184,64	9,37
RecP07_A1	P07	A			2						GroupA_Part1	Image a1.png (https://hps.hs-regensburg.de/mom44519/image.php?n=a1)	1	Image a1.png	1	a	350118	106685	0	0	0	0	0	0	0	0	0	0	0	0	0	0	0	0	0	0	0	0	0	0	1	0	0	0	0	0	0	0	0	0																							0										F10			298316	362	824	247	4,99007	735	125,33	30,25	611,54	88	2,83	0,19	19,63	2079,92	516	103,97	134,77	90,98	3,64
RecP07_A1	P07	A			2						GroupA_Part1	Image c2.png (https://hps.hs-regensburg.de/mom44519/image.php?n=c2)	1	Image c2.png	2	c	1059385	498361	0	0	0	0	0	0	0	0	0	0	0	0	0	0	0	0	0	1	0	0	0	0	0	0	0	0	0	0	0	0	0	0																		0															F10			937418	378	2480	100	4,95881	2232	129,43	30,04	706,04	87,56	3	0,38	32,47	6695,51	12	278,16	433,34	184,64	9,37
RecP07_A2	P07	A			2						GroupA_Part2	Coding	1	d3 RecP07_A2	3	d	341521	71950	0	0	0	0	0	0	0	0	0	0	0	0	0	0	0	0	0	0	0	0	0	0	0	0	0	1	0	0	0	0	0	0																										248										295663	375	788	313	4,96502	685	145,45	30,03	513,55	104,88	3,49	0,51	21,13	2391,74	293	135,87	187,18	124,88	4,22
RecP07_A2	P07	A			2						GroupA_Part2	Coding	2	p4 RecP07_A2	4	p	789764	428315	0	0	0	0	0	0	0	0	0	0	0	0	0	0	0	0	0	0	1	0	0	0	0	0	0	0	0	0	0	0	0	0																			311																	684423	380	1801	190	4,9237	1598	120,52	30,26	559,62	81,12	2,64	0,36	18,02	4223,42	959	103,46	52,41	45,58	1,27
RecP07_A2	P07	A			2						GroupA_Part2	Image d3.png (https://hps.hs-regensburg.de/mom44519/image.php?n=d3)	1	Image d3.png	3	d	344953	72198	0	0	0	0	0	0	0	0	0	0	0	0	0	0	0	0	0	0	0	0	0	0	0	0	0	1	0	0	0	0	0	0																										0							F10			297649	375	793	313	4,96734	687	145,44	30,03	513,55	104,83	3,49	0,51	21,13	2398,2	45	135,87	187,18	124,88	4,22
RecP07_A2	P07	A			2						GroupA_Part2	Image p4.png (https://hps.hs-regensburg.de/mom44519/image.php?n=p4)	1	Image p4.png	4	p	790400	428626	0	0	0	0	0	0	0	0	0	0	0	0	0	0	0	0	0	0	1	0	0	0	0	0	0	0	0	0	0	0	0	0																			0														F10			684500	380	1802	190	4,92373	1599	120,46	30,26	559,62	81,12	2,64	0,36	18,02	4224,58	648	103,46	52,41	45,58	1,27
RecP08_A1	P08	A			2						GroupA_Part1	Coding	1	a1 RecP08_A1	1	a	173147	141385	0	0	0	0	0	0	0	0	0	0	0	0	0	0	0	0	0	0	0	0	0	0	1	0	0	0	0	0	0	0	0	0																							22391													116238	272	428	113	3,69626	345	107,45	30,44	456,48	73,7	2,39	0,36	26,89	824,16	230	20,6	297,62	175,05	7,55
RecP08_A1	P08	A			2						GroupA_Part1	Coding	2	c2 RecP08_A1	2	c	1204890	338004	0	0	0	0	0	0	0	0	0	0	0	0	0	0	0	0	0	1	0	0	0	0	0	0	0	0	0	0	0	0	0	0																		292															Down			930574	292	3189	117	3,9356	2594	112,5	30,14	433,29	66,26	2,35	0,24	17,02	6098,38	154	6,23	353,71	216,14	10,84
RecP08_A1	P08	A			2						GroupA_Part1	Image a1.png (https://hps.hs-regensburg.de/mom44519/image.php?n=a1)	1	Image a1.png	1	a	154027	163775	0	0	0	0	0	0	0	0	0	0	0	0	0	0	0	0	0	0	0	0	0	0	1	0	0	0	0	0	0	0	0	0																							0										F10			98061	253	388	167	3,91597	304	103,75	30,44	456,48	65,95	2,07	0,36	14,84	627,79	83	5,15	68,62	52,14	1,76
RecP08_A1	P08	A			2						GroupA_Part1	Image c2.png (https://hps.hs-regensburg.de/mom44519/image.php?n=c2)	1	Image c2.png	2	c	1208734	338296	0	0	0	0	0	0	0	0	0	0	0	0	0	0	0	0	0	1	0	0	0	0	0	0	0	0	0	0	0	0	0	0																		0															F10			934341	292	3201	213	3,93605	2605	112,52	30,14	433,29	66,27	2,35	0,24	17,02	6122,98	29	89,36	237,47	151,55	5,87
RecP08_A2	P08	A			2						GroupA_Part2	Coding	1	d3 RecP08_A2	3	d	338920	77172	0	0	0	0	0	0	0	0	0	0	0	0	0	0	0	0	0	0	0	0	0	0	0	0	0	1	0	0	0	0	0	0																										235										282532	306	924	313	3,78802	760	127,7	30,47	448,2	77,11	2,71	0,49	16,56	2058,8	212	107,15	199,89	124,89	6,61
RecP08_A2	P08	A			2						GroupA_Part2	Coding	2	p4 RecP08_A2	4	p	609230	439189	0	0	0	0	0	0	0	0	0	0	0	0	0	0	0	0	0	0	1	0	0	0	0	0	0	0	0	0	0	0	0	0																			335																	484898	330	1469	143	3,757	1204	106,71	30,05	448,76	63,44	2,11	0,07	17,55	2534,83	403	121,24	316,54	227,36	14,71
RecP08_A2	P08	A			2						GroupA_Part2	Image d3.png (https://hps.hs-regensburg.de/mom44519/image.php?n=d3)	1	Image d3.png	3	d	341921	77407	0	0	0	0	0	0	0	0	0	0	0	0	0	0	0	0	0	0	0	0	0	0	0	0	0	1	0	0	0	0	0	0																										0							F10			284956	305	933	313	3,78985	764	128,11	30,47	448,2	77,8	2,72	0,49	16,56	2077,58	340	304,74	222,49	135,2	5,24
RecP08_A2	P08	A			2						GroupA_Part2	Image p4.png (https://hps.hs-regensburg.de/mom44519/image.php?n=p4)	1	Image p4.png	4	p	610284	439525	0	0	0	0	0	0	0	0	0	0	0	0	0	0	0	0	0	0	1	0	0	0	0	0	0	0	0	0	0	0	0	0																			0														F10			485411	330	1471	197	3,75694	1206	106,89	30,05	448,76	63,59	2,11	0,07	17,55	2543,29	68	121,24	316,54	227,36	14,71
RecP09_B1	P09	B			2						GroupB_Part1	Coding	1	c1 RecP09_B1	1	c	1472751	146176	0	0	0	0	0	0	0	0	0	0	0	0	0	0	0	0	0	0	0	1	0	0	0	0	0	0	0	0	0	0	0	0																				23067																1216855	275	4429	207	4,75969	3727	143,79	30,09	763,16	102,54	3,31	0,3	31,5	12354,19	247	297,93	103,08	79,47	1,93
RecP09_B1	P09	B			2						GroupB_Part1	Coding	2	a2 RecP09_B1	2	a	465414	1684412	0	0	0	0	0	0	0	0	0	0	0	0	0	0	0	0	0	0	0	0	0	0	0	0	0	0	1	0	0	0	0	0																											304									378373	300	1260	103	4,78009	1047	135,99	30,02	651,06	110,43	3,13	0,5	21,39	3279,47	813	107,7	204,94	123,23	5,22
RecP09_B1	P09	B			2						GroupB_Part1	Image a2.png (https://hps.hs-regensburg.de/mom44519/image.php?n=a2)	1	Image a2.png	2	a	468509	1684716	0	0	0	0	0	0	0	0	0	0	0	0	0	0	0	0	0	0	0	0	0	0	0	0	0	0	1	0	0	0	0	0																											0						F10			381123	300	1271	103	4,78116	1057	138,23	30,02	651,06	113,33	3,2	0,5	21,39	3383,37	510	107,7	204,94	123,23	5,22
RecP09_B1	P09	B			2						GroupB_Part1	Image c1.png (https://hps.hs-regensburg.de/mom44519/image.php?n=c1)	1	Image c1.png	1	c	1454349	169243	0	0	0	0	0	0	0	0	0	0	0	0	0	0	0	0	0	0	0	1	0	0	0	0	0	0	0	0	0	0	0	0																				0													F10			1203485	275	4371	180	4,77658	3696	143,31	30,09	593,75	101,27	3,29	0,3	23,4	12161,9	346	296,68	314,11	192,78	8,63
RecP09_B2	P09	B			2						GroupB_Part2	Coding	1	p3 RecP09_B2	3	p	1389412	195551	0	0	0	0	0	0	0	0	0	0	0	0	0	0	0	0	0	0	0	0	0	0	0	0	1	0	0	0	0	0	0	0																									284											1095845	286	3828	340	4,69235	2922	125,63	30,05	550,79	78,8	2,59	0,11	16,33	7561,29	277	128,89	314,76	184,59	7,56
RecP09_B2	P09	B			2						GroupB_Part2	Coding	2	d4 RecP09_B2	4	d	238180	1669994	0	0	0	0	0	0	0	0	0	0	0	0	0	0	0	0	0	0	0	0	1	0	0	0	0	0	0	0	0	0	0	0																					299															181398	267	679	327	4,54626	558	143,66	30,16	516,89	101,34	3,39	0,5	16,97	1890,26	240	172,69	257,86	155,71	7,1
RecP09_B2	P09	B			2						GroupB_Part2	Image d4.png (https://hps.hs-regensburg.de/mom44519/image.php?n=d4)	1	Image d4.png	4	d	241244	1670292	0	0	0	0	0	0	0	0	0	0	0	0	0	0	0	0	0	0	0	0	1	0	0	0	0	0	0	0	0	0	0	0																					0												F10			183235	267	687	390	4,55295	563	144,22	30,16	516,89	101,82	3,41	0,5	16,97	1917,47	769	281,68	220,94	134,61	6,32
RecP09_B2	P09	B			2						GroupB_Part2	Image p3.png (https://hps.hs-regensburg.de/mom44519/image.php?n=p3)	1	Image p3.png	3	p	1390596	195836	0	0	0	0	0	0	0	0	0	0	0	0	0	0	0	0	0	0	0	0	0	0	0	0	1	0	0	0	0	0	0	0																									0								F10			1096178	286	3829	340	4,69246	2922	125,58	30,05	550,79	78,72	2,59	0,11	16,33	7557,01	375	169,7	199,05	125,72	3,9
RecP10_A1	P10	A			1						GroupA_Part1	Coding	1	a1 RecP10_A1	1	a	447854	275007	0	0	0	0	0	0	0	0	0	0	0	0	0	0	0	0	0	0	0	0	0	0	1	0	0	0	0	0	0	0	0	0																							290													355249	273	1303	113	4,4549	945	109,06	30,29	564,46	75,19	2,15	0,25	38,74	2029,12	199	57,9	316,82	185,83	7,52
RecP10_A1	P10	A			1						GroupA_Part1	Coding	2	c2 RecP10_A1	2	c	864759	763467	0	0	0	0	0	0	0	0	0	0	0	0	0	0	0	0	0	1	0	0	0	0	0	0	0	0	0	0	0	0	0	0																		315																		707445	271	2612	93	4,35586	1906	117,51	30,16	723,44	75,29	2,29	0,18	39,29	4365,54	359	131,57	325,02	194,97	9,06
RecP10_A1	P10	A			1						GroupA_Part1	Image a1.png (https://hps.hs-regensburg.de/mom44519/image.php?n=a1)	1	Image a1.png	1	a	450778	275297	0	0	0	0	0	0	0	0	0	0	0	0	0	0	0	0	0	0	0	0	0	0	1	0	0	0	0	0	0	0	0	0																							0										F10			357536	273	1310	153	4,45882	947	109,01	30,29	564,46	75,09	2,15	0,25	38,74	2032,6	62	148,12	419,43	263,56	13,77
RecP10_A1	P10	A			1						GroupA_Part1	Image c2.png (https://hps.hs-regensburg.de/mom44519/image.php?n=c2)	1	Image c2.png	2	c	868166	763783	0	0	0	0	0	0	0	0	0	0	0	0	0	0	0	0	0	1	0	0	0	0	0	0	0	0	0	0	0	0	0	0																		0															F10			710135	271	2621	147	4,35767	1908	117,55	30,16	723,44	75,27	2,29	0,18	39,29	4372,08	44	131,57	325,02	194,97	9,06
RecP10_A2	P10	A			1						GroupA_Part2	Coding	1	d3 RecP10_A2	3	d	457505	78823	0	0	0	0	0	0	0	0	0	0	0	0	0	0	0	0	0	0	0	0	0	0	0	0	0	1	0	0	0	0	0	0																										273										378653	291	1299	190	4,35795	941	124,99	30,2	441,04	84,69	2,54	0,17	26,92	2386,61	262	101,97	162,49	112,73	2,55
RecP10_A2	P10	A			1						GroupA_Part2	Coding	2	p4 RecP10_A2	4	p	1015375	559089	0	0	0	0	0	0	0	0	0	0	0	0	0	0	0	0	0	0	1	0	0	0	0	0	0	0	0	0	0	0	0	0																			252																	837937	275	3045	233	4,32602	2402	117,24	30,15	622,34	72,1	2,27	0,13	39,75	5451,43	1075	50,59	46,54	40,75	1,41
RecP10_A2	P10	A			1						GroupA_Part2	Image d3.png (https://hps.hs-regensburg.de/mom44519/image.php?n=d3)	1	Image d3.png	3	d	460579	79096	0	0	0	0	0	0	0	0	0	0	0	0	0	0	0	0	0	0	0	0	0	0	0	0	0	1	0	0	0	0	0	0																										0							F10			380970	291	1310	190	4,35899	948	125,46	30,2	441,04	84,77	2,55	0,17	26,92	2413,81	206	144,63	269,96	171,11	9,29
RecP10_A2	P10	A			1						GroupA_Part2	Image p4.png (https://hps.hs-regensburg.de/mom44519/image.php?n=p4)	1	Image p4.png	4	p	1016371	559341	0	0	0	0	0	0	0	0	0	0	0	0	0	0	0	0	0	0	1	0	0	0	0	0	0	0	0	0	0	0	0	0																			0														F10			838594	275	3048	233	4,32617	2403	117,4	30,15	622,34	72,53	2,27	0,13	39,75	5465,93	823	50,59	46,54	40,75	1,41
RecP11_B1	P11	B			1						GroupB_Part1	Coding	1	c1 RecP11_B1	1	c	1619193	186063	0	0	0	0	0	0	0	0	0	0	0	0	0	0	0	0	0	0	0	1	0	0	0	0	0	0	0	0	0	0	0	0																				255																1431434	317	4521	313	5,24452	4240	144,13	30,27	612,07	88,74	3,49	0,25	29,72	14786,09	206	113,09	382,97	209,35	9,57
RecP11_B1	P11	B			1						GroupB_Part1	Coding	2	a2 RecP11_B1	2	a	310291	1835022	0	0	0	0	0	0	0	0	0	0	0	0	0	0	0	0	0	0	0	0	0	0	0	0	0	0	1	0	0	0	0	0																											222									276129	343	806	537	5,14531	768	147,8	30,3	554,05	106,05	3,69	0,52	19,17	2837,68	57	113,52	319,74	196,06	8,17
RecP11_B1	P11	B			1						GroupB_Part1	Image a2.png (https://hps.hs-regensburg.de/mom44519/image.php?n=a2)	1	Image a2.png	2	a	313665	1835243	0	0	0	0	0	0	0	0	0	0	0	0	0	0	0	0	0	0	0	0	0	0	0	0	0	0	1	0	0	0	0	0																											0						F10			277972	342	812	427	5,15005	774	148,82	30,3	554,05	106,47	3,73	0,52	19,17	2883,23	418	100,04	221,82	137,99	4,38
RecP11_B1	P11	B			1						GroupB_Part1	Image c1.png (https://hps.hs-regensburg.de/mom44519/image.php?n=c1)	1	Image c1.png	1	c	1620704	186318	0	0	0	0	0	0	0	0	0	0	0	0	0	0	0	0	0	0	0	1	0	0	0	0	0	0	0	0	0	0	0	0																				0													F10			1432941	317	4525	190	5,24476	4244	144,16	30,27	612,07	88,67	3,49	0,25	29,72	14802,4	311	181,58	183,94	118,22	4,11
RecP11_B2	P11	B			1						GroupB_Part2	Coding	1	p3 RecP11_B2	3	p	847766	138914	0	0	0	0	0	0	0	0	0	0	0	0	0	0	0	0	0	0	0	0	0	0	0	0	1	0	0	0	0	0	0	0																									266											765676	440	1739	280	5,22579	1579	121,58	30,39	1134,29	73,87	2,74	0,5	22,68	4333,97	207	134,15	199,63	134,77	6,5
RecP11_B2	P11	B			1						GroupB_Part2	Coding	2	d4 RecP11_B2	4	d	280070	1015054	0	0	0	0	0	0	0	0	0	0	0	0	0	0	0	0	0	0	0	0	1	0	0	0	0	0	0	0	0	0	0	0																					386															245682	368	667	160	5,15088	626	146,96	30,08	517,76	100,69	3,82	0,37	22,23	2392,42	171	125,44	321,11	189,98	9,42
RecP11_B2	P11	B			1						GroupB_Part2	Image d4.png (https://hps.hs-regensburg.de/mom44519/image.php?n=d4)	1	Image d4.png	4	d	283028	1015440	0	0	0	0	0	0	0	0	0	0	0	0	0	0	0	0	0	0	0	0	1	0	0	0	0	0	0	0	0	0	0	0																					0												F10			247602	368	673	190	5,15297	631	146,27	30,08	517,76	100,21	3,8	0,37	22,23	2396,94	228	306,83	105,95	73,62	2,78
RecP11_B2	P11	B			1						GroupB_Part2	Image p3.png (https://hps.hs-regensburg.de/mom44519/image.php?n=p3)	1	Image p3.png	3	p	848429	139181	0	0	0	0	0	0	0	0	0	0	0	0	0	0	0	0	0	0	0	0	0	0	0	0	1	0	0	0	0	0	0	0																									0								F10			765396	440	1738	123	5,22597	1578	121,53	30,39	1134,29	73,87	2,74	0,5	22,68	4327,48	271	153,96	228,85	148,45	6,11
RecP12_B1	P12	B			2						GroupB_Part1	Coding	1	c1 RecP12_B1	1	c	987660	231281	0	0	0	0	0	0	0	0	0	0	0	0	0	0	0	0	0	0	0	1	0	0	0	0	0	0	0	0	0	0	0	0																				22552																791985	223	3544	177	3,22049	1812	141,77	30,07	1371,62	119,43	3,07	0,34	37,6	5561,47	217	75,26	270,19	178,24	7,66
RecP12_B1	P12	B			2						GroupB_Part1	Coding	2	a2 RecP12_B1	2	a	333400	1259377	0	0	0	0	0	0	0	0	0	0	0	0	0	0	0	0	0	0	0	0	0	0	0	0	0	0	1	0	0	0	0	0																											240									279449	241	1158	113	3,11675	653	107,8	30,79	516,1	85,83	2,01	0,2	20,06	1310,68	299	122,45	214,94	138,57	4,35
RecP12_B1	P12	B			2						GroupB_Part1	Image a2.png (https://hps.hs-regensburg.de/mom44519/image.php?n=a2)	1	Image a2.png	2	a	336764	1259618	0	0	0	0	0	0	0	0	0	0	0	0	0	0	0	0	0	0	0	0	0	0	0	0	0	0	1	0	0	0	0	0																											0						F10			281782	241	1170	193	3,1198	659	110,39	30,79	553,42	90,83	2,09	0,2	20,06	1380,4	59	122,45	214,94	138,57	4,35
RecP12_B1	P12	B			2						GroupB_Part1	Image c1.png (https://hps.hs-regensburg.de/mom44519/image.php?n=c1)	1	Image c1.png	1	c	969599	253833	0	0	0	0	0	0	0	0	0	0	0	0	0	0	0	0	0	0	0	1	0	0	0	0	0	0	0	0	0	0	0	0																				0													F10			784575	224	3506	247	3,22965	1775	137,43	30,07	1371,62	114,37	2,86	0,34	37,6	5077,99	269	193,31	628,13	412,67	30,44
RecP12_B2	P12	B			2						GroupB_Part2	Coding	1	p3 RecP12_B2	3	p	949306	151808	0	0	0	0	0	0	0	0	0	0	0	0	0	0	0	0	0	0	0	0	0	0	0	0	1	0	0	0	0	0	0	0																									277											734526	231	3175	77	3,22314	1558	114,41	30,14	536,5	80,46	2,09	0,24	27,03	3249,15	206	11,5	336	167,17	7,64
RecP12_B2	P12	B			2						GroupB_Part2	Coding	2	d4 RecP12_B2	4	d	553014	1144633	0	0	0	0	0	0	0	0	0	0	0	0	0	0	0	0	0	0	0	0	1	0	0	0	0	0	0	0	0	0	0	0																					289															445817	232	1921	213	3,21477	988	129,17	30,16	565,6	98,75	2,67	0,25	23,94	2638,58	2487	100,37	230,64	159,44	5,09
RecP12_B2	P12	B			2						GroupB_Part2	Image d4.png (https://hps.hs-regensburg.de/mom44519/image.php?n=d4)	1	Image d4.png	4	d	556089	1144922	0	0	0	0	0	0	0	0	0	0	0	0	0	0	0	0	0	0	0	0	1	0	0	0	0	0	0	0	0	0	0	0																					0												F10			448307	232	1932	213	3,21531	994	129,87	30,16	575,37	100,02	2,7	0,25	23,94	2684,98	2198	100,37	230,64	159,44	5,09
RecP12_B2	P12	B			2						GroupB_Part2	Image p3.png (https://hps.hs-regensburg.de/mom44519/image.php?n=p3)	1	Image p3.png	3	p	949979	152085	0	0	0	0	0	0	0	0	0	0	0	0	0	0	0	0	0	0	0	0	0	0	0	0	1	0	0	0	0	0	0	0																									0								F10			735119	232	3175	153	3,2233	1558	114,44	30,14	536,5	80,54	2,09	0,24	27,03	3251,78	56	138,46	473,45	284,16	16,01
RecP14_B1	P14	B			2						GroupB_Part1	Coding	1	c1 RecP14_B1	1	c	554439	229962	0	0	0	0	0	0	0	0	0	0	0	0	0	0	0	0	0	0	0	1	0	0	0	0	0	0	0	0	0	0	0	0																				268																467784	257	1822	213	4,34996	1564	122,01	30,08	503,82	78,1	2,45	0,31	20,31	3839,25	199	13,26	423,5	281,05	19,37
RecP14_B1	P14	B			2						GroupB_Part1	Coding	2	a2 RecP14_B1	2	a	261754	849446	0	0	0	0	0	0	0	0	0	0	0	0	0	0	0	0	0	0	0	0	0	0	0	0	0	0	1	0	0	0	0	0																											329									224815	301	746	383	4,41024	646	116,32	31,16	432,97	72,87	2,24	0,36	14,69	1448,2	280	111,97	276,95	183,89	9,08
RecP14_B1	P14	B			2						GroupB_Part1	Image a2.png (https://hps.hs-regensburg.de/mom44519/image.php?n=a2)	1	Image a2.png	2	a	264703	849776	0	0	0	0	0	0	0	0	0	0	0	0	0	0	0	0	0	0	0	0	0	0	0	0	0	0	1	0	0	0	0	0																											0						F10			227132	301	754	243	4,41568	652	117,02	31,16	432,97	73,39	2,26	0,36	14,69	1476,75	381	122,64	41,24	38,7	1,23
RecP14_B1	P14	B			2						GroupB_Part1	Image c1.png (https://hps.hs-regensburg.de/mom44519/image.php?n=c1)	1	Image c1.png	1	c	557780	230230	0	0	0	0	0	0	0	0	0	0	0	0	0	0	0	0	0	0	0	1	0	0	0	0	0	0	0	0	0	0	0	0																				0													F10			470477	258	1825	123	4,35319	1568	121,77	30,08	503,82	77,77	2,44	0,31	20,31	3832,34	211	172,75	503,82	317,71	20,3
RecP14_B2	P14	B			2						GroupB_Part2	Coding	1	p3 RecP14_B2	3	p	1069160	105861	0	0	0	0	0	0	0	0	0	0	0	0	0	0	0	0	0	0	0	0	0	0	0	0	1	0	0	0	0	0	0	0																									237											930367	348	2671	257	4,43132	2337	108,45	30,23	569,57	61,56	2,02	0,21	31,07	4709,91	486	125,46	272,27	181,05	8,87
RecP14_B2	P14	B			2						GroupB_Part2	Coding	2	d4 RecP14_B2	4	d	391280	1325812	0	0	0	0	0	0	0	0	0	0	0	0	0	0	0	0	0	0	0	0	1	0	0	0	0	0	0	0	0	0	0	0																					241															337666	285	1186	190	4,26322	1074	134,07	30,13	449,59	84,31	2,84	0,24	30,54	3051,89	565	182,69	215,48	134,14	5,61
RecP14_B2	P14	B			2						GroupB_Part2	Image d4.png (https://hps.hs-regensburg.de/mom44519/image.php?n=d4)	1	Image d4.png	4	d	394636	1326053	0	0	0	0	0	0	0	0	0	0	0	0	0	0	0	0	0	0	0	0	1	0	0	0	0	0	0	0	0	0	0	0																					0												F10			339933	285	1194	190	4,26281	1080	134,52	30,13	449,59	84,76	2,86	0,24	30,54	3089,01	324	182,69	215,48	134,14	5,61
RecP14_B2	P14	B			2						GroupB_Part2	Image p3.png (https://hps.hs-regensburg.de/mom44519/image.php?n=p3)	1	Image p3.png	3	p	1069925	106097	0	0	0	0	0	0	0	0	0	0	0	0	0	0	0	0	0	0	0	0	0	0	0	0	1	0	0	0	0	0	0	0																									0								F10			931224	348	2675	257	4,43153	2341	108,46	30,23	569,57	61,51	2,02	0,21	31,07	4717,67	250	125,46	272,27	181,05	8,87
